STT,Althgorithm,Datasetname,num_trucks,drones_per_truck,makespan (hours),Fitness,run time,Service seq,Vehicle asgn
1,HGA,N10E30R10_01,2,1,0.5395284707521047,0.49228926592542077,47.48456720006652,"[-5, 1, -7, 2, -6, -4, -9, 3, -10, 8]","[4, 4, 4, 2, 2, 1, 2, 2, 2, 4]"
2,GA,N10E30R10_01,2,1,0.6832770701659214,0.41279064070566657,3.7439244999550283,"[-1, 3, 5, -6, 8, -4, -10, -9, 2, 7]","[2, 2, 4, 2, 4, 1, 4, 2, 2, 4]"
3,GA,N10E30R10_01,2,2,0.36109652047821805,0.1734887415088256,3.747347900061868,"[-7, -3, 6, 9, 10, -5, 1, 2, -8, 4]","[3, 2, 3, 6, 5, 6, 5, 6, 2, 2]"
4,HGA,N10E30R10_01,2,2,0.36109652047821805,0.16571976020987675,70.97791560005862,"[3, -7, -4, 9, -10, -5, -8, 6, -2, -1]","[3, 2, 3, 2, 3, 2, 3, 6, 5, 6]"
5,HGA,N10E30R10_01,2,2,0.36109652047821805,0.16571976020987675,108.84799609996844,"[3, -7, -4, 9, -10, -5, -8, 6, -2, -1]","[3, 2, 3, 2, 3, 2, 3, 6, 5, 6]"
6,HGA,N20E50R20_01,2,1,0.7662789800863883,0.44220424498772326,549.8314282000065,"[19, -7, -3, 2, 6, -4, -13, 11, -12, -10, -15, -1, -17, 16, -5, -9, -18, -8, -14, 20]","[2, 2, 2, 4, 4, 2, 4, 2, 4, 2, 1, 2, 2, 2, 1, 2, 2, 3, 4, 4]"
7,GA,N20E50R20_01,2,1,1.0872472225564462,0.49897558905383427,6.474042000016198,"[3, -8, -11, 6, -14, 13, -12, -15, -19, 20, -9, -10, 7, 2, 17, -5, 16, -1, 4, 18]","[4, 2, 2, 4, 4, 3, 2, 1, 2, 2, 4, 2, 1, 2, 4, 2, 2, 4, 4, 2]"
