STT,Althgorithm,Datasetname,num_trucks,drones_per_truck,makespan (hours),Fitness,run time,Service seq,Vehicle asgn
1,HGA,N10E30R10_01,2,1,0.5395284707521047,0.49228926592542077,47.48456720006652,"[-5, 1, -7, 2, -6, -4, -9, 3, -10, 8]","[4, 4, 4, 2, 2, 1, 2, 2, 2, 4]"
2,GA,N10E30R10_01,2,1,0.6832770701659214,0.41279064070566657,3.7439244999550283,"[-1, 3, 5, -6, 8, -4, -10, -9, 2, 7]","[2, 2, 4, 2, 4, 1, 4, 2, 2, 4]"
